id,gender,star_sign,phone_os,height,weight,sleepiness,iq,fb_friends,yt,self_intro
212,1,巨蟹座,Android,179.0,86.0,4.0,135.0,351.0,0.00015,peace
270,1,摩羯座,,180.0,100.0,5.0,120.0,,0,A man with wisdom.
269,1,金牛座,Apple,176.0,76.0,4.0,100.0,10.0,10,Nice!
266,1,金牛座,Android,12.0,12.0,2.0,87.0,12.0,12,Re
265,1,水瓶座,Apple,,180.0,2.0,173.0,10000.0,88,Wise
264,1,牡羊座,,,87.0,3.0,,,,nine four eight seven
262,1,獅子座,Android,171.0,56.0,3.0,100.0,200.0,2,Tired.
261,1,,,,80.0,,100.0,,20,Good
260,1,處女座,Android,,78.0,2.0,100.0,3.0,60,Dope
259,1,牡羊座,Apple,171.0,,,180.0,480.0,,I am a student.
258,1,獅子座,Android,166.0,67.0,2.0,87.0,200.0,0.5,Hi
257,1,水瓶座,Android,,66.0,3.0,94.87,,15.6,I am so beautiful
256,1,,,171.0,73.0,,,200.0,500,Amazing
255,1,天蠍座,,,100.0,3.0,,,1,Stupid
253,1,巨蟹座,,30.0,87.0,5.0,200.0,1.0,0,Shit
252,1,金牛座,Android,,56.0,,,300.0,0.2,who am i
251,1,雙魚座,Android,,,3.0,131.0,1234.0,,amazing
250,1,巨蟹座,Android,175.0,75.0,1.0,130.0,495.0,0.8,fuck
249,1,雙子座,Android,178.0,90.0,5.0,100.0,666.0,0.1,happy gay
248,1,雙魚座,Android,176.0,82.0,1.0,180.0,1.0,100,Nerd
271,1,,,-187.0,,1.0,,8787.0,0,Useless
247,1,水瓶座,Android,170.0,63.0,5.0,140.0,312.0,3,Cooool
272,1,雙子座,Apple,168.0,62.0,2.0,120.0,900.0,0.3,Superior
274,1,雙子座,Android,,68.0,,,250.0,1,I love Metallica!
297,1,巨蟹座,Apple,172.0,72.0,3.0,100.0,122.0,1,Not smart
296,1,牡羊座,Apple,150.0,40.0,3.0,,1500.0,,Sexy AF
295,1,,,,,2.0,140.0,,4,Hello world
294,1,射手座,Apple,,,4.0,,1287.0,,I’m an honest man
293,1,水瓶座,Apple,180.0,62.0,2.0,100.0,,0,I’m a smart person.
292,1,牡羊座,Android,-1000.0,-1000.0,1.0,200.0,-1000.0,-1000,哈哈哈笑你～～～
291,1,雙魚座,Android,170.0,61.0,3.0,88.0,500.0,2,Shiny guy
290,1,水瓶座,Apple,175.0,70.0,4.0,50.0,,,I’m sorry
289,1,天蠍座,Android,184.0,,5.0,183.0,700.0,,Googler
288,1,射手座,Apple,,60.0,5.0,199.0,,999,Handsome
286,1,天蠍座,Apple,170.0,63.0,2.0,130.0,500.0,6,QQ
284,1,摩羯座,Android,173.0,72.0,5.0,140.0,1300.0,5,Jesus
283,1,雙子座,,176.0,,,180.0,500.0,1,Specialist
282,1,水瓶座,Apple,174.0,80.0,4.0,130.0,255.0,0.3,Creative
281,1,水瓶座,Apple,174.0,80.0,4.0,130.0,255.0,0.3,Creative
280,1,,Apple,177.0,,1.0,,600.0,20,I’m handsome
277,1,,Android,,76.0,1.0,185.0,400.0,,I have to leave on 7:40
276,1,水瓶座,,160.0,,2.0,87.0,500.0,0.5,Quite
275,1,巨蟹座,Apple,163.0,51.0,2.0,126.0,1200.0,3,I am a nerd
273,1,巨蟹座,Apple,163.0,51.0,2.0,126.0,1200.0,3,I am a nerd
300,1,金牛座,Apple,177.0,58.0,2.0,150.0,2355.0,100,gorgeous
246,1,摩羯座,,181.0,72.0,4.0,128.0,157.0,1.2,Takami Chika <3
244,1,天秤座,Android,167.0,67.0,2.0,,,3,Awesome
213,1,雙魚座,Android,185.0,85.0,4.0,90.0,100.0,10,Zzzz
210,1,雙魚座,Android,180.0,66.0,4.0,180.0,10.0,1,Smart
209,1,水瓶座,Android,173.0,68.0,5.0,200.0,256.0,8,QAQ
208,1,,,179.0,73.0,4.0,101.0,,15,Cool
207,1,摩羯座,,172.0,,,100.0,80.0,3,Hello World
204,1,水瓶座,Android,167.0,53.0,4.0,80.0,300.0,5,humorous
202,1,,Android,168.0,,,,328.0,2,Fat man
200,1,天秤座,Apple,173.0,73.0,3.0,50.0,5.0,0.5,Oh
198,1,天蠍座,,167.0,63.0,,145.0,1737.0,1,Excellent
197,1,天秤座,Apple,171.0,73.0,2.0,180.0,400.0,2,Handsome
196,1,雙魚座,Android,173.0,60.0,5.0,130.0,300.0,1,Hungry
195,1,雙魚座,Apple,181.0,70.0,5.0,200.0,100.0,50,I don’t know
194,1,摩羯座,Apple,172.0,71.0,3.0,100.0,80.0,3,Hello World
193,1,雙魚座,Android,172.0,66.0,5.0,180.0,100.0,5,smart
192,1,獅子座,Apple,165.0,80.0,2.0,,400.0,0.5,123
191,1,巨蟹座,Apple,190.0,,1.0,50.0,2.0,5000,God Damon looser
190,1,摩羯座,Android,181.0,,4.0,128.0,,1.2,Takami Chika <3
189,1,摩羯座,,,,5.0,132.0,250.0,,I'm a positive person.
188,1,天秤座,,167.0,67.0,2.0,130.0,300.0,3,Awesome
214,1,巨蟹座,Android,,66.0,,180.0,0.0,0,123
245,1,摩羯座,Android,180.0,76.0,5.0,132.0,250.0,5,I'm a positive person.
215,1,摩羯座,Apple,,63.0,4.0,,200.0,4,Less is more
218,1,,Android,164.0,66.0,2.0,115.0,,1,Always smile
243,1,,Android,,67.0,2.0,130.0,300.0,,Awesome
242,1,獅子座,Apple,,55.0,,,,1.1,Happy
240,1,天秤座,Android,170.0,80.0,2.0,120.0,413.0,19.59,Handsome
238,1,獅子座,Android,176.0,65.0,5.0,180.0,400.0,0.5,The color of Happy is orange
236,1,雙魚座,Android,180.0,,,101.0,803.0,0,Lazy
235,1,,Apple,,73.0,4.0,,400.0,15,Cool
233,1,雙魚座,,172.0,53.0,,100.0,100.0,5,handsome
232,1,天蠍座,Android,171.0,44.0,4.0,100.0,300.0,2.41,I'm nice
231,1,,Android,173.0,58.0,5.0,130.0,200.0,38,Good Morning
230,1,天秤座,Android,173.0,58.0,5.0,130.0,200.0,38,Good Morning
229,1,巨蟹座,Android,170.0,55.0,3.0,51.0,0.0,6.77,hopeless
227,1,雙子座,Android,165.0,57.0,5.0,180.0,599.0,0.3,OAO
226,1,摩羯座,Android,167.0,47.0,2.0,87.0,87.0,0,Sleep
225,1,天秤座,Android,174.0,67.0,,97.0,30.0,1,宅
224,1,獅子座,Apple,170.0,63.0,2.0,144.0,629.0,1.4,a genius of computer science
223,1,巨蟹座,Android,172.0,70.0,3.0,150.0,1212.0,1,XD
222,1,天蠍座,Apple,175.0,66.0,,110.0,560.0,1,Good
220,1,天蠍座,,200.0,100.0,,200.0,,64,GOAT
219,1,巨蟹座,Apple,180.0,70.0,4.0,100.0,100.0,100,Hello
216,1,,Android,180.0,66.0,,180.0,10.0,,Smart
187,1,天秤座,Android,167.0,67.0,,130.0,300.0,3,Awesome
301,1,天蠍座,,170.0,68.0,5.0,,1300.0,5,Supercold
307,1,水瓶座,Android,187.0,187.0,,187.0,870.0,8.7,878787
386,1,巨蟹座,Apple,,76.0,5.0,120.0,,5.4,Human being
385,1,天秤座,,171.0,60.0,4.0,,,0,Hi I am AI
384,1,射手座,Android,182.0,75.0,5.0,87.0,253.0,1,Live or die is a big question
383,1,雙子座,Android,165.0,70.0,5.0,200.0,100000.0,0.5,test
382,1,雙魚座,Apple,169.0,70.0,4.0,126.0,482.0,0.000351,Alive
381,1,天秤座,Android,200.0,10.0,1.0,50.0,0.0,1000,Free
380,1,水瓶座,,166.0,70.0,,110.0,400.0,14.32,I am a man with power to breath!
379,1,射手座,Apple,171.0,49.0,2.0,100.0,675.0,99.4,Just wake up
378,1,摩羯座,Apple,179.0,78.0,4.0,136.0,2000.0,,Programmer with coffee
377,1,牡羊座,Android,171.0,63.0,5.0,131.0,200.0,0.000565,no girlfriend since 1993
376,1,水瓶座,Android,169.0,60.0,3.0,120.0,233.0,3,I'm friendly
375,1,金牛座,Apple,174.0,70.0,2.0,199.0,0.0,9999,Q^Q
371,1,天蠍座,Apple,182.0,60.0,4.0,180.0,600.0,2,Industrious
370,1,雙魚座,Android,173.0,70.0,1.0,92.0,100.0,1,Nice
368,1,處女座,Apple,,63.0,,98.0,258.0,203,A little sleepy.
367,1,牡羊座,Apple,,65.0,5.0,,1000.0,3,cute
365,1,處女座,Android,167.0,57.0,3.0,105.0,250.0,1.5,I'm adaptive and hardworking.
362,1,獅子座,Apple,177.0,72.0,4.0,100.0,527.0,1,nice
361,1,射手座,Android,176.0,,5.0,120.0,,2,Tired
387,1,,Apple,,55.0,4.0,120.0,,0.56,I am a sunshine boy.
360,1,巨蟹座,Android,177.0,,,111.0,100.0,1,Deep
388,1,天蠍座,Android,163.0,52.0,,120.0,800.0,5,God Hand
391,1,射手座,Android,,,5.0,123.0,500.0,,I am a wise man
421,1,天秤座,Apple,174.0,72.0,,,,,Sunny
420,1,牡羊座,Android,176.0,65.0,4.0,87.0,1300.0,2,God damn dope
419,1,處女座,Android,166.0,66.0,4.0,90.0,1000.0,1,I hope i am a super hero.
417,1,獅子座,Android,170.0,65.0,,120.0,,1,I am a infinity man
414,1,摩羯座,Android,174.5,,3.0,110.0,488.0,4,I am Mike
412,1,摩羯座,Apple,185.0,75.0,3.0,138.0,365.0,12,Eternal return
411,1,雙魚座,Android,186.0,67.0,2.0,110.0,400.0,0.1,Incredible
409,1,牡羊座,Apple,182.0,70.0,3.0,120.0,828.0,0.9,gorgeous
408,1,射手座,Android,175.0,78.0,,50.0,,1,I am a boy
407,1,巨蟹座,Apple,173.0,74.0,3.0,,700.0,,Hot and attractive
406,1,金牛座,Android,170.0,68.0,3.0,100.0,400.0,0.087,Ggggggggg
405,1,雙子座,Android,170.0,,,,,,Positive
404,1,水瓶座,Apple,,80.0,3.0,180.0,300.0,5,Cute guy with handsome face.
403,1,,,176.0,70.0,4.0,,330.0,,Hmm
402,1,天蠍座,Android,169.0,72.0,3.0,87.0,550.0,0.1,I'm a nerd.
399,1,獅子座,,,,5.0,,471.0,,handsome boy
394,1,處女座,Android,172.0,60.0,3.0,130.0,722.0,1,Do everything hard.
393,1,,Android,176.0,,,100.0,,,a man
392,1,天蠍座,Apple,168.0,58.0,4.0,126.0,381.0,22.5,simple
389,1,摩羯座,Android,173.0,67.0,,100.0,,100,I'm the boss.
306,1,天秤座,Android,,58.0,,50.0,666.0,0,Handsome
359,1,天秤座,,168.0,85.0,5.0,150.0,350.0,,I'm a nice people.
356,1,巨蟹座,,173.6,,5.0,180.0,914.0,,Intelligent!
329,1,射手座,,174.0,61.0,2.0,,603.0,87,A handsome boy
328,1,金牛座,Apple,173.0,62.0,2.0,100.0,464.0,16.2,Handsome
327,1,,Apple,177.0,55.0,,120.0,,,I am fine
325,1,處女座,Apple,174.0,70.0,4.0,120.0,0.0,1,Nice person
324,1,金牛座,,,63.0,5.0,180.0,123.0,2.4,I am who am I
323,1,水瓶座,Apple,176.0,90.0,4.0,120.0,30.0,2,Good
321,1,雙子座,Apple,172.0,85.0,5.0,120.0,800.0,100,a normal man
320,1,水瓶座,,175.0,70.0,,,,,I’m a sexy guy.
319,1,水瓶座,Apple,181.0,65.0,4.0,120.0,800.0,2,I am handsome
318,1,,Android,,82.0,4.0,140.0,,12.49,I'm a Jedi
317,1,雙子座,Android,178.0,83.0,4.0,50.0,0.0,9999,GGGGGGG
316,1,天秤座,Android,180.0,80.0,3.0,,700.0,10,Good
315,1,雙子座,Android,180.0,68.0,4.0,125.0,400.0,3,Often enjoy daily life.
314,1,獅子座,Apple,,,3.0,110.0,1459.0,3,I’m a good man
313,1,雙子座,Apple,178.0,82.0,5.0,123.0,513.0,0.5,Cool
312,1,雙魚座,Android,175.0,80.0,5.0,151.0,1234.0,5.87,I have superpower!
311,1,雙子座,Apple,180.0,110.0,3.0,140.0,250.0,0.5,Stay hungry stay foolish
310,1,處女座,Android,,60.0,1.0,,0.0,7,I don't know and I don't care.
309,1,巨蟹座,Apple,177.0,68.0,,100.0,355.0,8,Handsome
330,1,摩羯座,Android,172.0,56.0,2.0,188.0,,88888,handsome
357,1,天蠍座,Android,175.0,74.0,3.0,199.0,0.0,2048,BigHotGG
332,1,射手座,Apple,173.0,71.0,2.0,135.0,10000.0,16,Good
334,1,天蠍座,Apple,178.0,63.0,3.0,141.0,1000.0,4,Cool
354,1,天秤座,Android,182.0,70.0,5.0,100.0,1362.0,10,Tall
353,1,巨蟹座,,176.0,57.0,5.0,80.0,329.0,,good
352,1,巨蟹座,Apple,178.0,65.0,5.0,103.0,,30,One is never too old to learn
350,1,牡羊座,Android,171.0,60.0,2.0,56.0,574.0,1.5,好
349,1,,Apple,179.0,63.0,4.0,,150.0,3,I’m happy.
348,1,處女座,Android,178.0,67.0,4.0,90.0,700.0,15,Happy
347,1,雙魚座,Android,179.0,79.0,,100.0,,,Intelligent
346,1,,,175.0,90.0,,140.0,1060.0,,Ordinary human.
345,1,獅子座,,172.0,72.0,3.0,120.0,,,Good
344,1,雙子座,,170.0,62.0,5.0,,1300.0,,Quietly brilliant
343,1,天蠍座,Apple,170.0,75.0,4.0,100.0,700.0,1,Genius
342,1,水瓶座,Android,170.0,55.0,4.0,180.0,0.0,100,smart and weird
341,1,金牛座,Apple,175.0,80.0,3.0,175.0,500.0,3,I am good boy
340,1,水瓶座,Apple,185.0,70.0,3.0,88.0,100.0,,A student
339,1,獅子座,Android,,80.0,3.0,105.0,200.0,,humble
338,1,天蠍座,,,58.0,3.0,130.0,,15,Handsome
337,1,金牛座,Android,178.0,85.0,5.0,87.0,700.0,0.5,I'm handsome
336,1,水瓶座,Android,163.0,78.0,2.0,125.0,89.0,1,Samrt
335,1,牡羊座,Android,170.0,67.0,2.0,120.0,300.0,0.2,handsome zhou
333,1,水瓶座,,,79.0,5.0,140.0,,19,I'm a foolish.
186,1,獅子座,Apple,,,5.0,,,,Happy
423,1,雙魚座,Android,,68.0,3.0,66.0,300.0,,super 666666
115,1,獅子座,Apple,165.0,62.0,3.0,87.0,300.0,0.87,Nihilisim
98,1,水瓶座,Android,178.0,68.0,5.0,120.0,1100.0,0.1,Gentle
97,1,處女座,Android,123.0,123.0,3.0,123.0,123.0,123,一句話
95,1,處女座,Apple,176.0,74.0,5.0,200.0,1300000000.0,2,Cool dude
94,1,牡羊座,Android,162.0,50.0,2.0,140.0,1234.0,0.5,帥
29,1,水瓶座,Android,168.0,53.0,,,,2.5,Work hard play hard
31,1,金牛座,Android,175.0,75.0,5.0,50.0,200.0,1,I am so handsome
92,1,,Apple,184.0,68.0,4.0,187.0,8787.0,,Fuck you
32,1,射手座,Android,169.0,75.0,1.0,90.0,0.0,41,I just wanna run.
33,1,,Android,,75.0,,90.0,,41,I just wanna run.
184,1,天秤座,Android,170.0,,,120.0,413.0,19.59,Handsome
34,1,摩羯座,Android,180.0,60.0,3.0,120.0,404.0,0.37,Surprising
91,1,巨蟹座,Apple,169.0,65.0,4.0,87.0,987.0,887,I am 87
35,1,摩羯座,Apple,170.0,55.0,1.0,199.0,611.0,,Very lazy
36,1,摩羯座,,162.0,43.0,5.0,180.0,6666.0,87,handsome
87,1,天秤座,Apple,182.0,75.0,1.0,,,0,hello world
99,1,雙魚座,Apple,176.0,64.0,,100.0,120.0,5,I am otaku
100,1,,Apple,,55.0,,,0.0,100,Dank
101,1,,Android,169.87,55.87,1.0,133.0,,,viewer
102,1,射手座,Android,170.0,65.0,2.0,124.0,150.0,1,Brilliant
119,1,水瓶座,Android,170.0,49.0,1.0,122.0,1029.0,9,?
22,1,,,,50.0,4.0,115.0,,,Homo sapiens
117,1,天秤座,Android,176.0,60.0,3.0,100.0,500.0,0,Very handsome.
116,1,獅子座,Apple,165.0,62.0,3.0,87.0,,,Nihilisim
44,1,處女座,,175.0,50.0,5.0,100.0,469.0,,I am fakes' fans
114,1,水瓶座,Android,175.0,61.0,3.0,87.0,1031.0,2,Amazing
113,1,獅子座,Apple,168.0,70.0,,120.0,400.0,0.3,Show me what you got?
86,1,處女座,Apple,173.0,63.0,,160.0,,6,Humorous person
112,1,牡羊座,Android,173.0,69.0,4.0,120.0,280.0,2,I am geek.
110,1,雙子座,Android,166.0,55.0,4.0,110.0,866.0,2,special
109,1,處女座,Apple,178.0,87.0,4.0,180.0,512.0,0.87,"I'm a super cool rapper, yo."
108,1,摩羯座,Apple,176.0,63.0,2.0,100.0,800.0,1,Cool
107,1,雙魚座,Apple,168.0,,5.0,130.0,400.0,,A man likes to dream.
105,1,射手座,Apple,172.0,66.0,3.0,187.0,888.0,32,Family
104,1,巨蟹座,Android,172.0,68.0,3.0,140.0,530.0,0.2,GGININDER
103,1,天秤座,Apple,174.0,83.0,3.0,148.0,1915.0,20.7,Incredible
111,1,雙魚座,Apple,176.0,58.0,4.0,88.0,400.0,0.01,Work hard
120,1,雙子座,Android,172.0,58.0,3.0,88.0,600.0,0.2,Curious
85,1,處女座,Apple,173.0,63.0,4.0,160.0,430.0,6,Humorous person
83,1,雙魚座,Apple,173.0,70.0,5.0,100.0,200.0,0,IMMGT
60,1,摩羯座,Android,168.0,57.0,4.0,100.0,223.0,0.082,despair
58,1,天蠍座,Android,180.0,65.0,2.0,111.0,456.0,11.45,I am kind
57,1,摩羯座,Apple,175.0,60.0,4.0,87.0,333.0,9.8,不要
56,1,獅子座,Apple,177.0,55.0,3.0,140.0,814.0,50,Shy and preserved
55,1,雙子座,,170.0,80.0,,50.0,0.0,2.37,crazy
53,1,金牛座,Apple,163.0,65.0,2.0,100.0,323.0,2,i‘m lazy.
52,1,巨蟹座,Android,172.0,,,,300.0,0.1,Good
51,1,水瓶座,Android,,65.0,2.0,,399.0,3.7,handsome
42,1,摩羯座,Android,,73.0,,105.0,67.0,1.7,Lazy
50,1,雙魚座,Apple,170.0,70.0,1.0,180.0,,13.1,Karma
49,1,天秤座,,172.0,58.0,,200.0,,200,Boring
48,1,,,,80.0,3.0,120.0,50.0,0,interesting
43,1,巨蟹座,Apple,175.0,80.0,4.0,120.0,500.0,0.187,Hi
47,1,牡羊座,Apple,172.0,60.0,2.0,150.0,500.0,20,Cool
46,1,天秤座,Android,167.0,48.0,4.0,51.0,638.0,1,Go big or go home
61,1,雙魚座,Apple,125.0,125.0,3.0,87.0,0.0,0,Ah
62,1,處女座,,,200.0,3.0,87.0,78.0,,I have a pen
63,1,,Android,,60.0,5.0,120.0,100.0,1,Good
41,1,水瓶座,Android,165.0,47.0,,105.0,800.0,,Be happy
82,1,天秤座,Android,170.0,70.0,4.0,188.0,500.0,1000,Simple
81,1,雙子座,,172.0,75.0,,111.0,20.0,1,I am a happy man.
80,1,金牛座,Apple,168.0,73.0,2.0,180.0,150.0,8,Young
79,1,獅子座,Android,170.0,74.0,3.0,99.0,99.0,10,busy
37,1,摩羯座,Apple,100.0,180.0,5.0,100.0,50.0,10,Fake
38,1,金牛座,Android,175.0,75.0,5.0,87.0,9487.0,87,I am fine thank u
76,1,處女座,Apple,170.0,60.0,4.0,120.0,650.0,5,nice.
84,1,牡羊座,Apple,175.0,82.0,2.0,90.0,300.0,0.2,I'm so cute
75,1,摩羯座,Apple,164.0,71.0,1.0,95.0,150.0,20,I love fishing.
73,1,獅子座,Android,180.0,75.0,2.0,150.0,500.0,5,I'm boring man.
71,1,射手座,Android,175.0,70.0,4.0,111.0,1.0,20,"Luke, I am Your Father"
70,1,獅子座,Android,180.0,83.0,3.0,110.0,50.0,1,try everything
69,1,天秤座,Android,178.0,67.0,3.0,125.0,600.0,0.5,Happy
67,1,天秤座,Apple,172.0,73.0,1.0,200.0,100.0,50,lol
66,1,雙魚座,Android,183.0,80.0,,,1000.0,20,smart and handson
65,1,雙魚座,Apple,,85.0,4.0,120.0,,,handsome
74,1,處女座,Apple,170.0,65.0,4.0,87.0,200.0,10,prefect
121,1,獅子座,,182.0,,5.0,145.0,500.0,20,I am intelligent.
45,1,雙子座,Apple,173.0,74.0,1.0,180.0,,,Hi
153,1,水瓶座,Android,173.0,68.0,5.0,200.0,256.0,8,QAQ
142,1,天蠍座,Android,167.0,63.0,5.0,145.0,1737.0,1,Excellent
174,1,天秤座,Android,173.0,58.0,5.0,130.0,200.0,38,Good Morning
7,1,天秤座,Android,165.0,50.0,4.0,115.0,209.0,9.59,Homo sapiens
144,1,天秤座,Apple,173.0,73.0,3.0,50.0,5.0,0.5,Oh
171,1,雙子座,Android,,,,,599.0,,OAO
146,1,天蠍座,Android,168.0,63.0,2.0,80.0,328.0,2,Fat man
170,1,摩羯座,,,47.0,,,87.0,,Sleep
148,1,水瓶座,Android,167.0,53.0,4.0,80.0,300.0,5,humorous
14,1,水瓶座,Android,168.0,53.0,,100.0,300.0,2.5,Work hard play hard
169,1,天秤座,Android,174.0,67.0,3.0,97.0,30.0,1,宅
151,1,摩羯座,Apple,172.0,71.0,3.0,100.0,80.0,3,Hello World
175,1,天秤座,,173.0,58.0,5.0,,200.0,38,Good Morning
152,1,雙魚座,Apple,,73.0,4.0,101.0,400.0,15,Cool
122,1,天秤座,,,72.0,5.0,120.0,250.0,0.5,I'm so handsome.
154,1,雙魚座,Android,180.0,66.0,4.0,180.0,10.0,1,Smart
156,1,巨蟹座,Android,179.0,86.0,4.0,135.0,351.0,0.00015,peace
157,1,,Android,,85.0,4.0,90.0,,,Zzzz
158,1,巨蟹座,Android,180.0,66.0,2.0,180.0,0.0,0,123
159,1,摩羯座,Apple,178.0,63.0,4.0,130.0,200.0,4,Less is more
167,1,巨蟹座,Android,,,,150.0,1212.0,1,XD
160,1,雙魚座,Android,180.0,,4.0,,10.0,,Smart
166,1,天蠍座,Apple,175.0,66.0,3.0,110.0,560.0,1,Good
162,1,,Android,164.0,66.0,,115.0,623.0,1,Always smile
163,1,巨蟹座,,180.0,70.0,,100.0,100.0,100,Hello
168,1,獅子座,Apple,170.0,63.0,2.0,144.0,629.0,1.4,a genius of computer science
141,1,天秤座,Apple,171.0,73.0,2.0,180.0,400.0,2,Handsome
173,1,巨蟹座,Android,170.0,55.0,3.0,51.0,0.0,6.77,hopeless
139,1,,Apple,181.0,,5.0,200.0,,50,I don’t know
19,1,射手座,Apple,170.0,62.0,4.0,100.0,173.0,5,Straightforward
124,1,處女座,Android,174.0,86.0,5.0,100.0,5.0,0.1,You don't have a beauty without a beat.
125,1,雙子座,Android,160.0,55.0,1.0,100.0,20.0,2,Clever but no perseverance.
182,1,獅子座,Android,176.0,65.0,5.0,180.0,400.0,0.5,The color of Happy is orange
126,1,巨蟹座,Apple,165.0,68.0,4.0,,250.0,,Intelligent
127,1,牡羊座,Apple,175.0,7.0,5.0,100.0,1000.0,0.06,I’m handsome
128,1,雙魚座,Android,,62.0,4.0,110.0,262.0,0.12,Patient and careful
129,1,天秤座,Android,,61.0,2.0,87.0,200.0,3.5,Hellow world
18,1,射手座,Android,170.0,61.0,3.0,90.0,540.0,5,Practice Makes perfect
3,1,射手座,Android,170.0,61.0,3.0,90.0,540.0,5,Practice Makes perfect
131,1,天秤座,Apple,174.0,,,150.0,600.0,2,"Stay hungry, stay foolish"
140,1,雙魚座,Android,173.0,60.0,5.0,130.0,300.0,1,Hungry
132,1,水瓶座,Android,1000000000.0,2000000000.0,1.0,122.0,3000000000.0,4000000000,.
133,1,天秤座,Apple,183.9,59.0,3.0,180.0,3.0,333,Six six six
164,1,天蠍座,Apple,200.0,100.0,1.0,200.0,10000.0,64,GOAT
179,1,雙魚座,Apple,179.0,,4.0,101.0,400.0,15,Cool
176,1,天蠍座,Android,171.0,44.0,4.0,100.0,300.0,2.41,I'm nice
138,1,摩羯座,Apple,172.0,71.0,3.0,100.0,80.0,3,Hello World
177,1,雙魚座,Android,172.0,53.0,3.0,100.0,100.0,5,handsome
180,1,雙魚座,Android,180.0,80.0,4.0,101.0,803.0,0,Lazy
4,1,射手座,Apple,170.0,62.0,4.0,100.0,173.0,5,Straightforward
137,1,雙魚座,,172.0,66.0,,180.0,100.0,,smart
136,1,,Apple,165.0,80.0,2.0,130.0,400.0,0.5,123
135,1,巨蟹座,Apple,190.0,,1.0,50.0,,5000,God Damon looser
134,1,雙魚座,Apple,1e+111,1e+111,1.0,,1e+255,#NUM!,.
5,2,射手座,Android,158.0,,3.0,,,1.2,Humorous
413,2,處女座,,154.0,51.0,3.0,,347.0,0,foodie
364,2,,Android,162.0,50.0,4.0,120.0,800.0,,I wish I could be smarter.
418,2,雙魚座,Android,158.0,47.0,3.0,115.0,1330.0,5.8,Awesome
366,2,射手座,,,,,,600.0,,Finding myself.
2,2,處女座,,156.0,47.0,2.0,130.0,400.0,3.5,Enjoying being who I'm notsss
363,2,,Apple,156.0,56.0,2.0,156.0,,0,my name is Ellen.
416,2,巨蟹座,Android,170.0,53.0,5.0,87.0,1183.0,0.0000299,Good
40,2,水瓶座,Apple,163.0,48.0,2.0,87.0,250.0,4,tired
6,2,摩羯座,Android,158.0,50.0,3.0,100.0,903.0,2,I am cute
415,2,牡羊座,Apple,155.0,63.0,5.0,200.0,1681.0,2,Happy
20,2,射手座,Android,158.0,67.0,3.0,128.0,320.0,1.2,Humorous
8,2,雙子座,Android,170.0,57.0,4.0,100.0,1200.0,,Um..Haha
21,2,,Android,158.0,50.0,3.0,,903.0,2,I am cute
390,2,處女座,Apple,168.0,54.0,,,600.0,4,"Be sponge, be brave."
395,2,雙魚座,Apple,162.0,59.0,5.0,180.0,1780.0,0.136,All is well!
23,2,雙子座,Android,170.0,57.0,4.0,100.0,1200.0,,Um..Haha
24,2,射手座,Android,168.0,52.0,2.0,,580.0,5.34,I am quite.
25,2,牡羊座,Apple,165.0,55.0,5.0,130.0,542.0,2,Beautiful
26,2,天秤座,Android,164.0,52.0,3.0,180.0,300.0,1,Beautiful and smart
27,2,處女座,Android,168.0,55.0,2.0,180.0,300.0,0.87,Beautiful and smart
396,2,天秤座,Android,157.0,48.0,3.0,130.0,450.0,2,I am honest to my friends.
397,2,天秤座,Android,150.0,80.0,3.0,85.0,2.0,1,Kindness
398,2,天秤座,Android,150.0,80.0,3.0,85.0,2.0,1,Kindness
28,2,,,163.0,60.0,3.0,,160.0,,Brilliant
17,2,處女座,Apple,156.0,47.0,2.0,130.0,400.0,3.5,Enjoying being who I'm not
39,2,,Apple,163.0,48.0,2.0,,,4,tired
400,2,牡羊座,Android,155.0,50.0,5.0,101.0,456.0,7.06,I don't know.
401,2,金牛座,Apple,169.0,53.0,4.0,87.0,324.0,0.1,Free
16,2,處女座,Apple,154.0,43.0,2.0,180.0,583.0,0,Beautiful
15,2,雙子座,Apple,,52.0,,98.0,1200.0,2,Q
13,2,雙魚座,Apple,,,3.0,200.0,,,Brilliant
374,2,金牛座,Android,166.0,55.0,3.0,120.0,555.0,6,Liberator
373,2,,Apple,,,,150.0,500.0,2,Happy girl
12,2,處女座,Android,168.0,55.0,2.0,180.0,300.0,0.87,Beautiful and smart
11,2,天秤座,Android,164.0,52.0,3.0,180.0,300.0,1,Beautiful and smart
10,2,牡羊座,Apple,165.0,55.0,5.0,130.0,542.0,2,Beautiful
372,2,,,168.0,60.0,3.0,132.0,300.0,,I am a little fat
9,2,,Android,,52.0,2.0,100.0,,5.34,I am quite.
410,2,射手座,Android,162.0,55.0,3.0,110.0,500.0,2,Born with an adventurous spirit
369,2,摩羯座,Android,,,4.0,150.0,1061.0,,nice to meet you
30,2,雙子座,Apple,163.0,52.0,5.0,98.0,1200.0,2,Q
185,2,獅子座,Android,158.0,49.0,5.0,130.0,403.0,0,introvert
304,2,,Android,,78.0,,200.0,,999,Haha
355,2,處女座,Apple,,54.0,5.0,,900.0,0.000214,I am happy and pretty girl.
254,2,天秤座,Android,15.0,500.0,,50.0,,0.001,unique and fat
130,2,,Android,152.7,40.0,4.0,100.0,877.0,0.65,Trying to live a better life!
241,2,獅子座,Android,158.0,,,130.0,403.0,0,introvert
239,2,水瓶座,Apple,151.0,53.0,5.0,100.0,200.0,1,I’m happy.
143,2,,Apple,155.0,48.0,3.0,,1100.0,5,Hello world
237,2,水瓶座,Android,156.0,58.0,3.0,180.0,834.0,0.003,I don't know.
145,2,處女座,Apple,160.0,55.0,5.0,146.0,500.0,8.2,"I'm a common girl, just like others."
234,2,水瓶座,Apple,,55.0,,110.0,,0,misaka mikoto
147,2,獅子座,Apple,168.0,49.0,1.0,87.0,2000.0,,Hi
149,2,巨蟹座,Android,157.0,70.0,4.0,122.0,350.0,0.79,I don't want to be defined.
150,2,獅子座,Apple,168.0,49.0,1.0,87.0,2000.0,99999,Hi
228,2,摩羯座,Apple,162.0,54.0,4.0,110.0,265.0,1,Nice
155,2,獅子座,Apple,155.0,48.0,4.0,100.0,700.0,5,I am who I am
123,2,天秤座,Android,155.0,47.0,3.0,124.0,280.0,0.5,Kind
221,2,雙子座,Android,154.0,46.0,5.0,120.0,70.0,0.01,Optimistic
161,2,摩羯座,Android,161.0,50.0,2.0,120.0,150.0,0.5,Beautiful
422,2,天蠍座,Apple,167.0,50.0,3.0,180.0,483.0,10,Light
211,2,獅子座,Apple,155.0,48.0,4.0,100.0,700.0,5,I am who I am
165,2,,Android,154.0,46.0,5.0,,,0.01,Optimistic
206,2,獅子座,Apple,168.0,49.0,1.0,,2000.0,,Hi
205,2,巨蟹座,Android,157.0,70.0,4.0,122.0,350.0,0.79,I don't want to be defined.
203,2,獅子座,Apple,168.0,49.0,1.0,87.0,2000.0,99999,Hi
201,2,處女座,Apple,160.0,55.0,5.0,,,8.2,"I'm a common girl, just like others."
199,2,雙子座,Apple,155.0,48.0,3.0,133.0,1100.0,5,Hello world
172,2,摩羯座,,,54.0,,,265.0,1,Nice
178,2,水瓶座,Apple,163.0,55.0,3.0,110.0,300.0,0,misaka mikoto
181,2,水瓶座,Android,156.0,58.0,3.0,180.0,834.0,0.003,I don't know.
183,2,水瓶座,Apple,151.0,53.0,5.0,100.0,200.0,1,I’m happy.
217,2,摩羯座,,,50.0,2.0,,,0.5,Beautiful
358,2,,Apple,,55.0,,120.0,600.0,1,A commen person.
263,2,天蠍座,Apple,147.0,40.0,,168.0,1033.0,520,nice peng peng
268,2,雙子座,Android,167.0,,,,1024.0,1.4,Lazy
351,2,雙子座,Apple,155.0,53.0,2.0,100.0,150.0,2,I'm a nice person.
54,2,摩羯座,Android,,55.0,5.0,180.0,,,Good at listen to other
59,2,雙子座,,,64.0,3.0,,,0.2,A girl.
64,2,牡羊座,Android,179.0,70.0,3.0,88.0,120.0,0.3,Show me the money!
68,2,處女座,Apple,162.0,,3.0,150.0,800.0,,Fintech
331,2,天秤座,Apple,,,,168.0,,2,Excellent
72,2,,,155.0,53.0,,,300.0,,BlingBling
326,2,水瓶座,Apple,155.0,,,180.0,800.0,,Intelligence
322,2,處女座,Apple,,55.0,,,500.0,0.5,YOLO
77,2,射手座,Apple,160.0,50.0,5.0,88.0,536.0,10,Marginalized
78,2,天秤座,Apple,156.0,48.0,2.0,180.0,100.0,2,Open mind
88,2,,Android,,50.0,,100.0,50.0,3,I am a nervous person.
89,2,,,160.0,,3.0,145.0,,,Old
267,2,獅子座,Apple,165.0,165.0,5.0,155.0,165.0,165,May God blessing you
308,2,雙魚座,JohnCena,900.0,10.0,5.0,199.0,10.0,1,good
305,2,牡羊座,Android,161.0,53.0,4.0,200.0,200.0,1,I'm not eighty seven.
303,2,雙子座,Android,180.0,78.0,1.0,200.0,9999999.0,999,Haha
302,2,獅子座,Apple,150.0,44.0,,160.0,,125,Cool
93,2,雙魚座,Apple,165.0,47.0,3.0,110.0,899.0,2,I am a good people
299,2,巨蟹座,Android,168.0,58.0,3.0,87.0,255.0,1,I'm not sleepy.
298,2,獅子座,Android,213.0,79.0,1.0,50.0,1111.0,999,I'm outlier
96,2,巨蟹座,,155.0,,4.0,180.0,300.0,0,Human.
287,2,,Android,,,4.0,,,3,Red
285,2,,Android,155.0,46.0,2.0,87.0,,,Brilliant
106,2,,Apple,,60.0,2.0,135.0,,,Brilliant
279,2,天蠍座,Apple,170.0,60.0,4.0,87.0,87.0,87,Normal
278,2,金牛座,,,,3.0,,0.0,10,I am a fat guy
118,2,射手座,,,42.0,,,800.0,4.1,Never say never
90,2,雙子座,Android,161.0,80.0,2.0,110.0,150.0,3,Happy
1,2,處女座,Apple,154.0,43.0,2.0,180.0,583.0,0,Beautiful
